,Websites,ID
0,/clairville-toronto/neighbourhood-profile,1
1,/smithfield-toronto/neighbourhood-profile,2
2,/thistletown-toronto/neighbourhood-profile,3
3,/rexdale-toronto/neighbourhood-profile,4
4,/the-elms-toronto/neighbourhood-profile,5
5,/kingsview-toronto/neighbourhood-profile,6
6,/richview-toronto/neighbourhood-profile,7
7,/humber-heights-toronto/neighbourhood-profile,8
8,/humber-valley-village-toronto/neighbourhood-profile,9
9,/princess-rosethorn-toronto/neighbourhood-profile,10
10,/centenial-park-toronto/neighbourhood-profile,11
11,/west-deane-park-toronto/neighbourhood-profile,11
12,/markland-wood-toronto/neighbourhood-profile,12
13,/etobicoke-west-mall-toronto/neighbourhood-profile,13
14,/queensway-west-toronto/neighbourhood-profile,14
15,/islington-village-toronto/neighbourhood-profile,14
16,/eatonville-toronto/neighbourhood-profile,14
17,/the-kingsway-toronto/neighbourhood-profile,15
18,/the-queensway-toronto/neighbourhood-profile,16
19,/sunnylea-toronto/neighbourhood-profile,16
20,/humber-bay-toronto/neighbourhood-profile,17
21,/mimico-toronto/neighbourhood-profile,17
22,/new-toronto-toronto/neighbourhood-profile,18
23,/long-branch-toronto/neighbourhood-profile,19
24,/alderwood-toronto/neighbourhood-profile,20
25,/humber-summit-toronto/neighbourhood-profile,21
26,/humbermede-toronto/neighbourhood-profile,22
27,/humberlea-toronto/neighbourhood-profile,23
28,/pelmo-park-toronto/neighbourhood-profile,23
29,/black-creek-toronto/neighbourhood-profile,24
30,/glenfield-jane-heights-toronto/neighbourhood-profile,25
31,/downsview-toronto/neighbourhood-profile,26
32,/york-university-heights-toronto/neighbourhood-profile,27
33,/rustic-toronto/neighbourhood-profile,28
34,/maple-leaf-toronto/neighbourhood-profile,29
35,/brookhaven-amesbury-toronto/neighbourhood-profile,30
36,/glen-park-toronto/neighbourhood-profile,31
37,/yorkdale-toronto/neighbourhood-profile,31
38,/lawrence-manor-toronto/neighbourhood-profile,32
39,/clanton-park-toronto/neighbourhood-profile,33
40,/bathurst-manor-toronto/neighbourhood-profile,34
41,/westminster-branson-toronto/neighbourhood-profile,35
42,/newtonbrook-toronto/neighbourhood-profile,36
43,/willowdale-toronto/neighbourhood-profile,37
44,/lansing-toronto/neighbourhood-profile,38
45,/armour-heights-toronto/neighbourhood-profile,38
46,/cricket-club-toronto/neighbourhood-profile,39
47,/caribou-park-toronto/neighbourhood-profile,39
48,/ledbury-park-toronto/neighbourhood-profile,39
49,/york-mills-toronto/neighbourhood-profile,40
50,/lawrence-park-toronto/neighbourhood-profile,41
51,/hoggs-hollow-toronto/neighbourhood-profile,41
52,/bridle-path-toronto/neighbourhood-profile,41
53,/wanless-park-toronto/neighbourhood-profile,41
54,/don-mills-toronto/neighbourhood-profile,42
55,/banbury-toronto/neighbourhood-profile,42
56,/victoria-village-toronto/neighbourhood-profile,43
57,/bermondsey-toronto/neighbourhood-profile,43
58,/flemingdon-park-toronto/neighbourhood-profile,44
59,/donalda-toronto/neighbourhood-profile,45
60,/parkwoods-toronto/neighbourhood-profile,45
61,/graydon-hall-toronto/neighbourhood-profile,45
62,/pleasant-view-toronto/neighbourhood-profile,46
63,/don-valley-village-toronto/neighbourhood-profile,47
64,/hillcrest-village-north-york-toronto/neighbourhood-profile,48
65,/bayview-woods-toronto/neighbourhood-profile,49
66,/newtonbrook-toronto/neighbourhood-profile,50
67,/willowdale-toronto/neighbourhood-profile,51
68,/bayview-village-toronto/neighbourhood-profile,52
69,/henry-farm-toronto/neighbourhood-profile,53
70,/topham-park-toronto/neighbourhood-profile,54
71,/parkview-hills-toronto/neighbourhood-profile,54
72,/woodbine-gardens-toronto/neighbourhood-profile,54
73,/thorncliffe-park-toronto/neighbourhood-profile,55
74,/bennington-heights-toronto/neighbourhood-profile,56
75,/leaside-toronto/neighbourhood-profile,56
76,/broadview-north-toronto/neighbourhood-profile,57
77,/old-east-york-toronto/neighbourhood-profile,58
78,/central-east-york-toronto/neighbourhood-profile,59
79,/woodbine-heights-toronto/neighbourhood-profile,60
80,/crescent-town-toronto/neighbourhood-profile,61
81,/upper-beach-toronto/neighbourhood-profile,62
82,/the-beach-toronto/neighbourhood-profile,63
83,/woodbine-corridor-toronto/neighbourhood-profile,64
84,/leslieville-toronto/neighbourhood-profile,65
85,/danforth-mosaic-toronto/neighbourhood-profile,66
86,/the-danforth-toronto/neighbourhood-profile,67
87,/playter-estates-toronto/neighbourhood-profile,67
88,/riverdale-toronto/neighbourhood-profile,68
89,/the-pocket-blake-jones-toronto/neighbourhood-profile,69
90,/leslieville-toronto/neighbourhood-profile,70
91,/riverside-toronto/neighbourhood-profile,70
92,/cabbagetown-toronto/neighbourhood-profile,71
93,/regent-park-toronto/neighbourhood-profile,72
94,/moss-park-toronto/neighbourhood-profile,73
95,/corktown-toronto/neighbourhood-profile,73
96,/st-james-toronto/neighbourhood-profile,73
97,/st-james-town-toronto/neighbourhood-profile,74
98,/jarvis-street-corridor-toronto/neighbourhood-profile,74
99,/church-and-wellesley-toronto/neighbourhood-profile,75
100,/yonge-dundas-square-toronto/neighbourhood-profile,75
101,/bay-street-corridor-toronto/neighbourhood-profile,76
102,/financial-district-toronto/neighbourhood-profile,76
103,/south-core-toronto/neighbourhood-profile,77
104,/st-lawrence-toronto/neighbourhood-profile,77
105,/harbourfront-toronto/neighbourhood-profile,77
106,/west-don-lands-toronto/neighbourhood-profile,77
107,/harbourfront-east-toronto/neighbourhood-profile,77
108,/entertainment-district-toronto/neighbourhood-profile,77
109,/fashion-district-toronto/neighbourhood-profile,77
110,/cityplace-toronto/neighbourhood-profile,77
111,/distillery-district-toronto/neighbourhood-profile,77
112,/chinatown-toronto/neighbourhood-profile,78
113,/kensington-market-toronto/neighbourhood-profile,78
114,/alexandra-park-toronto/neighbourhood-profile,78
115,/south-annex-toronto/neighbourhood-profile,79
116,/bickford-park-toronto/neighbourhood-profile,80
117,/little-italy-toronto/neighbourhood-profile,81
118,/trinity-bellwoods-toronto/neighbourhood-profile,81
119,/liberty-village-toronto/neighbourhood-profile,82
120,/trinity-niagara-toronto/neighbourhood-profile,82
121,/fort-york-toronto/neighbourhood-profile,82
122,/brockton-village-toronto/neighbourhood-profile,83
123,/dufferin-grove-toronto/neighbourhood-profile,83
124,/beaconsfield-toronto/neighbourhood-profile,84
125,/south-parkdale-toronto/neighbourhood-profile,85
126,/roncesvalles-toronto/neighbourhood-profile,86
127,/swansea-toronto/neighbourhood-profile,87
128,/high-park-toronto/neighbourhood-profile,87
129,/high-park-toronto/neighbourhood-profile,88
130,/bloor-west-village-toronto/neighbourhood-profile,89
131,/harwood-toronto/neighbourhood-profile,90
132,/the-junction-toronto/neighbourhood-profile,90
133,/carleton-village-toronto/neighbourhood-profile,91
134,/earlscourt-corso-italia-toronto/neighbourhood-profile,92
135,/regal-heights-toronto/neighbourhood-profile,92
136,/christie-pits-toronto/neighbourhood-profile,93
137,/davenport-toronto/neighbourhood-profile,93
138,/dovercourt-park-toronto/neighbourhood-profile,93
139,/wallace-emerson-toronto/neighbourhood-profile,93
140,/hillcrest-toronto/neighbourhood-profile,94
141,/yorkville-toronto/neighbourhood-profile,95
142,/seaton-village-toronto/neighbourhood-profile,95
143,/the-annex-toronto/neighbourhood-profile,95
144,/casa-loma-toronto/neighbourhood-profile,96
145,/south-hill-toronto/neighbourhood-profile,96
146,/rathnelly-toronto/neighbourhood-profile,96
147,/deer-park-toronto/neighbourhood-profile,97
148,/summerhill-toronto/neighbourhood-profile,97
149,/rosedale-toronto/neighbourhood-profile,98
150,/moore-park-toronto/neighbourhood-profile,98
151,/davisville-toronto/neighbourhood-profile,99
152,/chaplin-estates-toronto/neighbourhood-profile,100
153,/forest-hill-toronto/neighbourhood-profile,101
154,/forest-hill-north-toronto/neighbourhood-profile,102
155,/north-toronto-toronto/neighbourhood-profile,103
156,/lytton-park-toronto/neighbourhood-profile,103
157,/allenby-toronto/neighbourhood-profile,103
158,/davisville-toronto/neighbourhood-profile,104
159,/teddington-park-toronto/neighbourhood-profile,105
160,/bedford-park-toronto/neighbourhood-profile,105
161,/humewood-cedarvale-toronto/neighbourhood-profile,106
162,/oakwood-vaughan-toronto/neighbourhood-profile,107
163,/briar-hill-belgravia-toronto/neighbourhood-profile,108
164,/fairbank-toronto/neighbourhood-profile,109
165,/keelesdale-toronto/neighbourhood-profile,110
166,/rockcliffe-smythe-toronto/neighbourhood-profile,111
167,/beechborough-greenbrook-toronto/neighbourhood-profile,112
168,/weston-toronto/neighbourhood-profile,113
169,/lambton-toronto/neighbourhood-profile,114
170,/baby-point-toronto/neighbourhood-profile,114
171,/old-mill-toronto/neighbourhood-profile,114
172,/mount-dennis-toronto/neighbourhood-profile,115
173,/steeles-toronto/neighbourhood-profile,116
174,/lamoreaux-toronto/neighbourhood-profile,117
175,/tam-oshanter-sullivan-toronto/neighbourhood-profile,118
176,/wexford-toronto/neighbourhood-profile,119
177,/maryvale-toronto/neighbourhood-profile,119
178,/birchmount-park-toronto/neighbourhood-profile,120
179,/clairlea-toronto/neighbourhood-profile,120
180,/oakridge-toronto/neighbourhood-profile,121
181,/birchcliff-toronto/neighbourhood-profile,122
182,/cliffside-toronto/neighbourhood-profile,122
183,/cliffcrest-toronto/neighbourhood-profile,123
184,/kennedy-park-toronto/neighbourhood-profile,124
185,/ionview-toronto/neighbourhood-profile,125
186,/dorset-park-toronto/neighbourhood-profile,126
187,/bendale-toronto/neighbourhood-profile,127
188,/agincourt-toronto/neighbourhood-profile,128
189,/agincourt-toronto/neighbourhood-profile,129
190,/milliken-toronto/neighbourhood-profile,130
191,/rouge-park-toronto/neighbourhood-profile,131
192,/west-rouge-toronto/neighbourhood-profile,131
193,/malvern-toronto/neighbourhood-profile,132
194,/port-union-toronto/neighbourhood-profile,133
195,/highland-creek-toronto/neighbourhood-profile,134
196,/morningside-toronto/neighbourhood-profile,135
197,/morningside-heights-toronto/neighbourhood-profile,135
198,/west-hill-toronto/neighbourhood-profile,136
199,/woburn-toronto/neighbourhood-profile,137
200,/eglinton-east-toronto/neighbourhood-profile,138
201,/scarborough-village-toronto/neighbourhood-profile,139
202,/guildwood-toronto/neighbourhood-profile,140
