,Names,Websites,ID
0,Armour Heights,/armour-heights-toronto/neighbourhood-profile,38
1,Banbury,/banbury-toronto/neighbourhood-profile,42
2,Bathurst Manor,/bathurst-manor-toronto/neighbourhood-profile,34
3,Bayview Village,/bayview-village-toronto/neighbourhood-profile,52
4,Bayview Woods,/bayview-woods-toronto/neighbourhood-profile,49
5,Bermondsey,/bermondsey-toronto/neighbourhood-profile,43
6,Black Creek,/black-creek-toronto/neighbourhood-profile,24
7,Bridle Path,/bridle-path-toronto/neighbourhood-profile,41
8,Brookhaven-Amesbury,/brookhaven-amesbury-toronto/neighbourhood-profile,30
9,Caribou Park,/caribou-park-toronto/neighbourhood-profile,39
10,Clanton Park,/clanton-park-toronto/neighbourhood-profile,33
11,Cricket Club,/cricket-club-toronto/neighbourhood-profile,39
12,Don Mills,/don-mills-toronto/neighbourhood-profile,42
13,Don Valley Village,/don-valley-village-toronto/neighbourhood-profile,47
14,Donalda,/donalda-toronto/neighbourhood-profile,45
15,Downsview,/downsview-toronto/neighbourhood-profile,26
16,Flemingdon Park,/flemingdon-park-toronto/neighbourhood-profile,44
17,Glen Park,/glen-park-toronto/neighbourhood-profile,31
18,Glenfield - Jane Heights,/glenfield-jane-heights-toronto/neighbourhood-profile,25
19,Graydon Hall,/graydon-hall-toronto/neighbourhood-profile,45
20,Henry Farm,/henry-farm-toronto/neighbourhood-profile,53
21,Hillcrest Village - North York,/hillcrest-village-north-york-toronto/neighbourhood-profile,48
22,Hoggs Hollow,/hoggs-hollow-toronto/neighbourhood-profile,41
23,Humber Summit,/humber-summit-toronto/neighbourhood-profile,21
24,Humberlea,/humberlea-toronto/neighbourhood-profile,23
25,Humbermede,/humbermede-toronto/neighbourhood-profile,22
26,Lansing,/lansing-toronto/neighbourhood-profile,38
27,Lawrence Manor,/lawrence-manor-toronto/neighbourhood-profile,32
28,Lawrence Park,/lawrence-park-toronto/neighbourhood-profile,41
29,Ledbury Park,/ledbury-park-toronto/neighbourhood-profile,39
30,Maple Leaf,/maple-leaf-toronto/neighbourhood-profile,29
31,Newtonbrook,/newtonbrook-toronto/neighbourhood-profile,36
32,Parkwoods,/parkwoods-toronto/neighbourhood-profile,45
33,Pelmo Park,/pelmo-park-toronto/neighbourhood-profile,23
34,Pleasant View,/pleasant-view-toronto/neighbourhood-profile,46
35,Rustic,/rustic-toronto/neighbourhood-profile,28
36,Victoria Village,/victoria-village-toronto/neighbourhood-profile,43
37,Wanless Park,/wanless-park-toronto/neighbourhood-profile,41
38,Westminster-Branson,/westminster-branson-toronto/neighbourhood-profile,35
39,Willowdale,/willowdale-toronto/neighbourhood-profile,37
40,York Mills,/york-mills-toronto/neighbourhood-profile,40
41,York University Heights,/york-university-heights-toronto/neighbourhood-profile,27
42,Yorkdale,/yorkdale-toronto/neighbourhood-profile,31
43,Newtonbrook,/newtonbrook-toronto/neighbourhood-profile,50
44,Willowdale,/willowdale-toronto/neighbourhood-profile,51
